Indicator,Exposed_mean_of_region_means,Comparison_mean_of_region_means,Difference_exposed_minus_comparison,Exposed_SD_across_regions,Comparison_SD_across_regions,Exact_permutation_p_region_means,Permutation_allocations,Welch_t_region_means,Welch_p_region_means,N_regions_exposed,N_regions_comparison,Period,N_region_year_rows
Cancer_pct,0.29317857142857146,0.22587142857142858,0.06730714285714287,0.013108653085435058,0.07753063351123257,0.2,20,1.4826134040391095,0.269950464361062,3,3,2011-2024,84
Infant_mortality_pct,0.8715357142857143,0.9162380952380952,-0.04470238095238088,0.10513479564398293,0.14690880020690153,0.6,20,-0.4285939227035905,0.6924560469237471,3,3,2011-2024,84
Circulatory_pct,2.6672904761904763,2.472985714285714,0.1943047619047622,0.3989875059634901,0.27269120122308677,0.6,20,0.6963903131377864,0.5292485863440876,3,3,2011-2024,84
Disability_pct,4.186102380952381,3.9418023809523812,0.24429999999999952,0.502577594086954,0.8186925651247091,0.8,20,0.4404742008431818,0.6867169778742611,3,3,2011-2024,84
Unemployment_pct,4.836159523809523,4.885714285714286,-0.049554761904762934,0.10178725721470562,0.07734431367038454,0.5,20,-0.6714024780755286,0.5412195046930761,3,3,2011-2024,84
Mortality_pct,1.0522654904053244,0.9406909369801051,0.11157455342521927,0.03392347674827029,0.22863812616588078,0.9,20,0.8360815928151607,0.48786498185618404,3,3,2011-2024,84
Cancer_pct,0.28414545454545453,0.22221212121212122,0.06193333333333331,0.018878014235814197,0.07357424559127378,0.2,20,1.4122583392917105,0.2797406907241236,3,3,2011-2021,66
Infant_mortality_pct,0.9206060606060605,0.9456969696969697,-0.025090909090909164,0.1450728324730826,0.14503440268237225,0.8,20,-0.21185243409429325,0.8425790431975005,3,3,2011-2021,66
Circulatory_pct,2.5210545454545454,2.3946818181818177,0.12637272727272775,0.39786789025903263,0.27449976079713784,0.7,20,0.4528267183436079,0.6769313668165573,3,3,2011-2021,66
Disability_pct,4.16440303030303,4.099842424242425,0.06456060606060543,0.47843563660607025,1.1245248528403664,1.0,20,0.0915022752723452,0.9334493459846925,3,3,2011-2021,66
Unemployment_pct,4.909090909090909,4.927272727272727,-0.018181818181817633,0.05061603966209141,0.08294676177679389,0.8,20,-0.32408767757677076,0.76529764910498,3,3,2011-2021,66
Mortality_pct,1.0722013795007277,0.965806569333775,0.10639481016695274,0.033793837099145276,0.23715402424023824,0.9,20,0.769281796235483,0.5194217454725613,3,3,2011-2021,66
