Model,Term,Coefficient,HC3_SE,t,p_value,CI95_low,CI95_high
Baseline,Intercept,1.091389558902275,0.029467283718084266,37.037331616435424,2.8723079819129194e-300,1.0336347440926064,1.1491443737119438
Baseline,Year_centered,-0.0034419609656130487,0.003961733546553438,-0.8688017316579576,0.38495558580487754,-0.011206816033201925,0.004322894101975828
Baseline,Region_Karaganda,-0.05701795320932149,0.04037068313977695,-1.4123603757683778,0.15784387736632732,-0.1361430381945627,0.022107131775919733
Baseline,Region_Pavlodar,-0.06035425228153288,0.04423592726689343,-1.3643718129246167,0.17245057456583401,-0.14705507654737737,0.026346571984311604
Before PCA,Intercept,1.5263521468405203,1.4653950634024715,1.0415977131085141,0.2975982293976962,-1.345769400551113,4.398473694232154
Before PCA,Cancer_pct,-2.013268784142115,1.1982305522752537,-1.680201510735334,0.09291811552020444,-4.36175751177715,0.3352199434929206
Before PCA,Infant_mortality_pct,0.15841478447590557,0.08080688212518983,1.9604120380549013,0.049947649953300546,3.620580756003022e-05,0.3167933631442511
Before PCA,Circulatory_pct,0.00583101923874664,0.1443107585167861,0.04040599120036072,0.9677694538644681,-0.277012870035811,0.28867490851330424
Before PCA,Disability_pct,-0.04853047350852738,0.12389083852722792,-0.3917196306477631,0.6952653837450133,-0.2913520550363614,0.19429110801930669
Before PCA,Unemployment_pct,0.03653108962250434,0.1422688345412154,0.25677506771113146,0.797352417981275,-0.24231070220076584,0.3153728814457745
Before PCA,Year_centered,0.013133474536949082,0.015478942115094624,0.8484736514481627,0.39617424029807036,-0.01720469452741663,0.043471643601314794
Before PCA,Region_Karaganda,-0.019520917967054505,0.1584855836543163,-0.12317156877582573,0.9019712389373448,-0.3301469539983244,0.29110511806421535
Before PCA,Region_Pavlodar,-0.01339868537047817,0.13246201915868133,-0.10115114849961158,0.9194304755887416,-0.2730194722409482,0.24622210149999185
After PCA,Intercept,1.1021090050224427,0.03454371920968542,31.904758093142203,2.2936736321548535e-223,1.034404559479395,1.1698134505654905
After PCA,PC1,0.06286072207819902,0.02141403510143395,2.9354916894663012,0.0033301953170763116,0.02088998451571196,0.10483145964068609
After PCA,PC2,0.02700505667770384,0.05272318942631122,0.512204534125303,0.6085078701475766,-0.07633049574794915,0.13034060910335682
After PCA,Year_centered,0.018060791027728833,0.01022385385949353,1.7665345451860293,0.07730621126543354,-0.0019775943200793164,0.03809917637553698
After PCA,Region_Karaganda,-0.11254319105972052,0.10646152568010737,-1.0571254764644944,0.29045432550093575,-0.321203947131917,0.09611756501247601
After PCA,Region_Pavlodar,-0.036987352791634565,0.04104929652966708,-0.9010471778707128,0.36756323614772834,-0.11744249558048707,0.04346778999721794
