Region,Year,Observed_Mortality,Fitted_Baseline,Residual_Baseline,Fitted_Before_PCA,Residual_Before_PCA,Fitted_After_PCA,Residual_After_PCA
East Kazakhstan+Abay,2011,1.1927803741994365,1.0748653795163314,0.11791499468310507,1.2123773722403453,-0.019596998040908753,1.1719797559190095,0.020800618280427008
East Kazakhstan+Abay,2012,1.1673333046607317,1.082133356781619,0.08519994787911278,1.2069432654423353,-0.039609960781603615,1.1986920367125475,-0.03135873205181583
East Kazakhstan+Abay,2013,1.0989420889081452,1.0894013340469064,0.009540754861238732,1.1083927057259464,-0.009450616817801238,1.1099258518808208,-0.01098376297267567
East Kazakhstan+Abay,2014,1.0492775325088857,1.096669311312194,-0.04739177880330825,0.9962621578419024,0.05301537466698325,0.9901085962667169,0.05916893624216879
East Kazakhstan+Abay,2015,1.051190068407256,1.1039372885774816,-0.052747220170225706,1.033863270536565,0.017326797870691024,1.0524573251689164,-0.0012672567616605068
East Kazakhstan+Abay,2016,1.037521695621621,1.1112052658427691,-0.07368357022114802,1.0461197074687485,-0.008598011847127385,1.0505932824303534,-0.013071586808732327
East Kazakhstan+Abay,2017,1.013552413411938,1.1184732431080566,-0.1049208296961186,0.9850525854344108,0.02849982797752726,0.9963584226749881,0.017193990736949938
East Kazakhstan+Abay,2018,1.0148546155541665,1.1257412203733443,-0.11088660481917789,1.06557980775645,-0.05072519220228355,1.0665224958284583,-0.05166788027429181
East Kazakhstan+Abay,2019,1.028916887976166,1.1330091976386318,-0.10409230966246574,1.1441041268142333,-0.11518723883806725,1.1364707301845283,-0.10755384220836217
East Kazakhstan+Abay,2020,1.1994769264243423,1.1402771749039193,0.059199751520423005,1.2282975964790146,-0.02882067005467226,1.2408995515381414,-0.041422625113799016
East Kazakhstan+Abay,2021,1.369412016597778,1.1475451521692068,0.22186686442857106,1.1962653285305316,0.1731466880672463,1.2092498756659957,0.16016214093178216
Karaganda,2011,1.1347291152233705,1.0173823224835177,0.11734679273985282,1.057269717009583,0.07745939821378744,1.0418218370822072,0.09290727814116329
Karaganda,2012,1.148258907235732,1.0246502997488052,0.12360860748692692,1.0430491427089918,0.10520976452674025,1.0207494546663987,0.12750945256933344
Karaganda,2013,1.0527034136913085,1.0319182770140927,0.02078513667721582,0.9690749021829608,0.08362851150834771,0.9585658113565392,0.09413760233476931
Karaganda,2014,0.9942628013708532,1.0391862542793802,-0.04492345290852695,1.0044296806816868,-0.010166879310833599,1.0012114595048693,-0.006948658134016128
Karaganda,2015,0.987358874873832,1.0464542315446679,-0.059095356670835875,1.1036601610689227,-0.11630128619509073,1.1488178763859955,-0.16145900151216352
Karaganda,2016,0.9863446971064622,1.0537222088099554,-0.06737751170349315,1.0598079100931814,-0.0734632129867192,1.089080998413371,-0.1027363013069087
Karaganda,2017,0.9583125714612186,1.0609901860752429,-0.10267761461402425,1.037059463630976,-0.07874689216975739,1.0490000366959724,-0.0906874652347538
Karaganda,2018,0.9623791321782756,1.0682581633405306,-0.10587903116225494,0.9963508160797295,-0.033971683901453886,0.9821794803999082,-0.01980034822163257
Karaganda,2019,0.9697997580034412,1.075526140605818,-0.10572638260237688,1.0136747734714016,-0.043875015467960354,0.9859354782702987,-0.0161357202668575
Karaganda,2020,1.121446863275139,1.0827941178711056,0.03865274540403352,1.1442970741476983,-0.02285021087255923,1.1368315468394217,-0.015384683564282575
Karaganda,2021,1.2753481624898797,1.090062095136393,0.18528606735348663,1.1622706558343956,0.1130775066554841,1.1767503172945366,0.09859784519534309
Pavlodar,2011,1.0969896438602886,1.015336777523019,0.08165286633726954,1.1582583997979914,-0.06126875593770276,1.1390217067653094,-0.04203206290502082
Pavlodar,2012,1.083291954810638,1.0226047547883066,0.0606872000223313,0.9775060430975404,0.10578591171309748,1.0134606895001628,0.06983126531047512
Pavlodar,2013,1.012812316054036,1.0298727320535943,-0.01706041599955821,0.9661577019835174,0.04665461407051874,0.9989877340038589,0.013824582050177225
Pavlodar,2014,1.0025049341624674,1.0371407093188818,-0.03463577515641436,0.9711975748769418,0.03130735928552564,0.9818010424269905,0.02070389173547693
Pavlodar,2015,0.97553166012387,1.0444086865841693,-0.06887702646029925,0.9925508513479621,-0.017019191224092012,1.0085637961583154,-0.033032136034445325
Pavlodar,2016,0.9692931924059508,1.0516766638494568,-0.082383471443506,1.0305987221252608,-0.061305529719310026,1.0256693790291935,-0.05637618662324273
Pavlodar,2017,0.9577101612387616,1.0589446411147445,-0.10123447987598289,1.0523183858754968,-0.09460822463673513,1.0399508040095586,-0.08224064277079701
Pavlodar,2018,0.9717110858523637,1.066212618380032,-0.09450153252766835,1.0446783791217529,-0.07296729326938922,1.0437992679407653,-0.07208818208840162
Pavlodar,2019,0.9764503159103964,1.0734805956453195,-0.09703027973492306,1.0584808192548814,-0.08203050334448492,1.0380757556172477,-0.061625439706851304
Pavlodar,2020,1.1551925165753971,1.0807485729106072,0.0744439436647899,1.150285540911481,0.00490697566391618,1.1355715309831567,0.01962098559224046
Pavlodar,2021,1.3669555213498588,1.0880165501758947,0.27893897117396405,1.166410883951222,0.20054463739863682,1.143541595909496,0.22341392544036287
